﻿<?xml version="1.0" encoding="utf-8"?>
<deployment>
  <id>c907e15e-a61a-49bf-b514-db33b5f53571</id>
  <author>N/A</author>
  <deployer>Push-Deployer</deployer>
  <authorEmail>N/A</authorEmail>
  <message>Created via a push deployment</message>
  <progress></progress>
  <status>Success</status>
  <statusText></statusText>
  <lastSuccessEndTime>2026-02-23T14:28:07.8081004Z</lastSuccessEndTime>
  <receivedTime>2026-02-23T14:25:00.0607192Z</receivedTime>
  <startTime>2026-02-23T14:25:01.4660613Z</startTime>
  <endTime>2026-02-23T14:28:07.8081004Z</endTime>
  <complete>True</complete>
  <is_temp>False</is_temp>
  <is_readonly>True</is_readonly>
  <containerId>bdba1a44fa6c</containerId>
  <buildSummary />
</deployment>