﻿<?xml version="1.0" encoding="utf-8"?>
<deployment>
  <id>101e2a58-b60d-486b-b356-148b9856ade6</id>
  <author>N/A</author>
  <deployer>Push-Deployer</deployer>
  <authorEmail>N/A</authorEmail>
  <message>Created via a push deployment</message>
  <progress></progress>
  <status>Success</status>
  <statusText></statusText>
  <lastSuccessEndTime>2026-02-22T15:30:47.8549632Z</lastSuccessEndTime>
  <receivedTime>2026-02-22T15:30:40.9616667Z</receivedTime>
  <startTime>2026-02-22T15:30:42.3382279Z</startTime>
  <endTime>2026-02-22T15:30:47.8549632Z</endTime>
  <complete>True</complete>
  <is_temp>False</is_temp>
  <is_readonly>True</is_readonly>
  <containerId>8318107d7ec9</containerId>
  <buildSummary />
</deployment>