<step title="BackgroundTrace" date="2026-02-22T15:52:32.748" instance="663e46" url="/api/zipdeploy" method="POST" >
  <step title="Cleanup Xml Logs" date="2026-02-22T15:52:32.760" /><!-- duration: 20ms -->
  <step title="Creating temporary deployment - FetchDeploymentManager" date="2026-02-22T15:52:33.275" /><!-- duration: 38ms -->
  <step title="Creating temporary deployment" date="2026-02-22T15:52:33.380" /><!-- duration: 502ms -->
  <step title="Performing fetch based deployment" date="2026-02-22T15:52:34.372" >
    <step title="Cleaning up temp folders from previous zip deployments and extracting pushed zip file /tmp/zipdeploy/bf0c9c0a-8f38-4b4b-bd8b-7fddc42333bd.zip (0.13 MB) to /tmp/zipdeploy/extracted" date="2026-02-22T15:52:36.046" >
      <step title="ChmodRecursive Process exited with total time taken in ms: 478" date="2026-02-22T15:52:36.909" /><!-- duration: 8ms -->
    </step><!-- duration: 882ms -->
    <step title="Deployment timer started" date="2026-02-22T15:52:39.046" >
      <step title="DeploymentManager.Deploy(id:3dc330b6-e198-409d-9671-4f6cbdb63852)" date="2026-02-22T15:52:39.074" >
        <step title="Collecting changeset information" date="2026-02-22T15:52:39.163" /><!-- duration: 207ms -->
        <step title="Updating submodules" date="2026-02-22T15:52:39.413" /><!-- duration: 1291ms -->
        <step title="Determining deployment builder" date="2026-02-22T15:52:41.286" >
          <step title="Builder is BasicBuilder" date="2026-02-22T15:52:41.338" /><!-- duration: 31ms -->
        </step><!-- duration: 92ms -->
        <step title="PreDeployment: context.CleanOutputPath False" date="2026-02-22T15:52:41.498" >
          <step title="PreDeployment: context.OutputPath /home/site/wwwroot" date="2026-02-22T15:52:41.831" >
            <step title="Building" date="2026-02-22T15:52:42.148" >
              <step title="Executing external process" date="2026-02-22T15:52:43.004" type="process" path="starter.sh" arguments="/opt/Kudu/Scripts/parallel_rsync.sh /tmp/zipdeploy/extracted /home/site/wwwroot 8 /tmp/ False True  " 