<step title="Incoming Request" date="2026-02-21T19:02:06.511" instance="70193f" url="/deploy?scmType=ExternalGit&amp;isAsync=true" method="POST" type="request" pid="831,1,15" Host="nurseiq-app-shubham.scm.azurewebsites.net" User-Agent="Azure-WebSites-Controller/107.0.7.59" Authorization="Bas..." Expect="100-continue" Content-Length="84" x-ms-request-id="c6e03b64-5fa3-4653-a39e-597193f80cd9" X-ARR-LOG-ID="c6e03b64-5fa3-4653-a39e-597193f80cd9" CLIENT-IP="20.118.48.17:5058" X-SITE-DEPLOYMENT-ID="nurseiq-app-shubham" WAS-DEFAULT-HOSTNAME="nurseiq-app-shubham.scm.azurewebsites.net" X-MS-PLATFORM-INTERNAL="True" X-Forwarded-Proto="https" X-AppService-Proto="https" X-Forwarded-TlsVersion="1.3" X-WAWS-Unencoded-URL="/deploy?scmType=ExternalGit&amp;isAsync=true" X-Client-IP="20.118.48.17" X-Client-Port="5058" >
  <step title="FetchHandler" date="2026-02-21T19:02:06.531" >
    <step title="GitExeRepository.Initialize" date="2026-02-21T19:02:06.574" >
      <step title="Executing external process" date="2026-02-21T19:02:06.583" type="process" path="git" arguments="init" /><!-- duration: 469ms -->
      <step title="Executing external process" date="2026-02-21T19:02:07.061" type="process" path="git" arguments="config core.autocrlf false" /><!-- duration: 33ms -->
      <step title="Executing external process" date="2026-02-21T19:02:07.111" type="process" path="git" arguments="config core.preloadindex true" /><!-- duration: 29ms -->
      <step title="Executing external process" date="2026-02-21T19:02:07.146" type="process" path="git" arguments="config user.name &quot;unknown&quot;" /><!-- duration: 50ms -->
      <step title="Executing external process" date="2026-02-21T19:02:07.201" type="process" path="git" arguments="config user.email &quot;unknown&quot;" /><!-- duration: 34ms -->
      <step title="Executing external process" date="2026-02-21T19:02:07.238" type="process" path="git" arguments="config filter.lfs.clean &quot;git-lfs clean %f&quot;" /><!-- duration: 30ms -->
      <step title="Executing external process" date="2026-02-21T19:02:07.272" type="process" path="git" arguments="config filter.lfs.smudge &quot;git-lfs smudge %f&quot;" /><!-- duration: 33ms -->
      <step title="Executing external process" date="2026-02-21T19:02:07.317" type="process" path="git" arguments="config filter.lfs.required true" /><!-- duration: 60ms -->
      <step title="Configure git server" date="2026-02-21T19:02:07.398" >
        <step title="Executing external process" date="2026-02-21T19:02:07.406" type="process" path="git" arguments="config receive.denyCurrentBranch ignore" /><!-- duration: 31ms -->
      </step><!-- duration: 44ms -->
      <step title="Create deny users for .git folder" date="2026-02-21T19:02:07.446" /><!-- duration: 35ms -->
      <step title="Configure git-credential" date="2026-02-21T19:02:07.490" >
        <step title="Executing external process" date="2026-02-21T19:02:07.524" type="process" path="git" arguments="config credential.helper &quot;!&apos;/home/site/repository/.git/hooks/git-credential-invalid.sh&apos;&quot;" /><!-- duration: 28ms -->
      </step><!-- duration: 67ms -->
      <step title="Setup post receive hook" date="2026-02-21T19:02:07.560" >
        <step title="Non-Windows enviroment, granting 755 permission to post-receive hook file" date="2026-02-21T19:02:07.585" /><!-- duration: 29ms -->
      </step><!-- duration: 60ms -->
    </step><!-- duration: 1050ms -->
    <step title="Executing external process" date="2026-02-21T19:02:07.628" type="process" path="git" arguments="log -n 1 main --" >
      <step title="Process dump" date="2026-02-21T19:02:07.679" exitCode="128" type="processOutput" /><!-- duration: 4ms -->
    </step><!-- duration: 59ms -->
    <step title="Start deployment in the background" date="2026-02-21T19:02:07.693" >
      <step title="Executing external process" date="2026-02-21T19:02:07.731" type="process" path="git" arguments="rev-parse --git-dir" /><!-- duration: 29ms -->
      <step title="Executing external process" date="2026-02-21T19:02:07.771" type="process" path="git" arguments="rev-parse --git-dir" /><!-- duration: 97ms -->
      <step title="Executing external process" date="2026-02-21T19:02:07.875" type="process" path="git" arguments="log -n 1 main --" >
        <step title="Process dump" date="2026-02-21T19:02:07.909" exitCode="128" type="processOutput" /><!-- duration: 5ms -->
      </step><!-- duration: 45ms -->
      <step title="Acquiring Deployment Lock" date="2026-02-21T19:02:07.925" /><!-- duration: 4ms -->
      <step title="Acquired Deployment Lock" date="2026-02-21T19:02:08.031" /><!-- duration: 4ms -->
    </step><!-- duration: 1018ms -->
  </step><!-- duration: 2187ms -->
  <step title="Outgoing response" date="2026-02-21T19:02:08.757" type="response" statusCode="202" statusText="Accepted" /><!-- duration: 8ms -->
</step><!-- duration: 2267ms -->
