<step title="Incoming Request" date="2026-02-22T16:05:36.668" instance="663e46" url="/api/zipdeploy?isAsync=true" method="POST" type="request" pid="834,1,19" Accept="*/*" Host="nurseiq-app-2026.scm.azurewebsites.net" User-Agent="AZURECLI/2.83.0 (MSI)" Accept-Encoding="gzip, deflate" Authorization="Bea..." Cache-Control="no-cache" Content-Type="application/octet-stream" Content-Length="138417" x-ms-client-request-id="410a7801-1008-11f1-ac69-a1b26c9e50b7" x-ms-artifact-checksum="4d95656ad66e9af3fe4aa8ef68f23718d6002acae6baa5cf54a3e9788c43f4b8" X-ARR-LOG-ID="410a7801-1008-11f1-ac69-a1b26c9e50b7" CLIENT-IP="157.32.119.248:63325" X-SITE-DEPLOYMENT-ID="nurseiq-app-2026" WAS-DEFAULT-HOSTNAME="nurseiq-app-2026.scm.azurewebsites.net" X-Forwarded-Proto="https" X-AppService-Proto="https" X-Forwarded-TlsVersion="1.3" X-WAWS-Unencoded-URL="/api/zipdeploy?isAsync=true" X-Client-IP="157.32.119.248" X-Client-Port="63325" >
  <step title="Cleanup Xml Logs" date="2026-02-22T16:05:36.671" /><!-- duration: 7ms -->
  <step title="ZipPushDeploy" date="2026-02-22T16:05:36.734" >
    <step title="ZipDeploy. Extract zip." date="2026-02-22T16:05:36.749" /><!-- duration: 3ms -->
    <step title="None repository commit" date="2026-02-22T16:05:36.761" >
      <step title="Commit id: 8e1e51d7-4777-4a3b-9d7e-0cad51892863" date="2026-02-22T16:05:36.765" Message="N/A" AuthorName="N/A" AuthorEmail="N/A" /><!-- duration: 3ms -->
    </step><!-- duration: 11ms -->
    <step title="Starting PushDeployAsync" date="2026-02-22T16:05:36.775" /><!-- duration: 3ms -->
    <step title="Writing artifact to /tmp/zipdeploy/3fda00f9-92a3-4a61-bcf1-892e1240bd2e.zip" date="2026-02-22T16:05:36.809" >
      <step title="Writing multipart request body to /tmp/zipdeploy/3fda00f9-92a3-4a61-bcf1-892e1240bd2e.zip" date="2026-02-22T16:05:36.816" /><!-- duration: 7ms -->
    </step><!-- duration: 92ms -->
    <step title="Start deployment in the background" date="2026-02-22T16:05:36.911" >
      <step title="Acquiring Deployment Lock" date="2026-02-22T16:05:36.933" /><!-- duration: 9ms -->
      <step title="Acquired Deployment Lock" date="2026-02-22T16:05:37.027" /><!-- duration: 4ms -->
    </step><!-- duration: 227ms -->
  </step><!-- duration: 423ms -->
  <step title="Outgoing response" date="2026-02-22T16:05:37.169" type="response" statusCode="202" statusText="Accepted" /><!-- duration: 4ms -->
</step><!-- duration: 508ms -->
