<step title="Incoming Request" date="2026-02-21T19:08:12.733" instance="70193f" url="/api/scm" method="DELETE" type="request" pid="833,1,5" Host="nurseiq-app-shubham.scm.azurewebsites.net" User-Agent="Azure-WebSites-Controller/107.0.7.59" Authorization="Bas..." x-ms-request-id="29be9caa-b82f-4aa4-920d-341bdc1ebf88" X-ARR-LOG-ID="29be9caa-b82f-4aa4-920d-341bdc1ebf88" CLIENT-IP="20.118.48.17:5058" X-SITE-DEPLOYMENT-ID="nurseiq-app-shubham" WAS-DEFAULT-HOSTNAME="nurseiq-app-shubham.scm.azurewebsites.net" X-MS-PLATFORM-INTERNAL="True" X-Forwarded-Proto="https" X-AppService-Proto="https" X-Forwarded-TlsVersion="1.3" X-WAWS-Unencoded-URL="/api/scm" X-Client-IP="20.118.48.17" X-Client-Port="5058" >
  <step title="Acquiring Deployment Lock" date="2026-02-21T19:08:12.763" /><!-- duration: 5ms -->
  <step title="Acquired Deployment Lock" date="2026-02-21T19:08:13.437" /><!-- duration: 7ms -->
  <step title="Deleting repository" date="2026-02-21T19:08:13.449" /><!-- duration: 190ms -->
  <step title="Delete auto swap lock file" date="2026-02-21T19:08:13.647" /><!-- duration: 10ms -->
  <step title="Deleting ssh key" date="2026-02-21T19:08:13.666" /><!-- duration: 19ms -->
  <step title="Updating initial deployment manifest" date="2026-02-21T19:08:13.689" /><!-- duration: 296ms -->
  <step title="Deleting deployment cache" date="2026-02-21T19:08:13.991" /><!-- duration: 56ms -->
  <step title="Releasing Deployment Lock" date="2026-02-21T19:08:14.057" /><!-- duration: 33ms -->
  <step title="Outgoing response" date="2026-02-21T19:08:14.105" type="response" statusCode="200" statusText="OK" /><!-- duration: 6ms -->
</step><!-- duration: 1384ms -->
