<step title="Incoming Request" date="2026-02-21T18:54:49.347" instance="70193f" url="/api/zipdeploy?isAsync=true" method="POST" type="request" pid="830,1,19" Accept="*/*" Host="nurseiq-app-shubham.scm.azurewebsites.net" User-Agent="AZURECLI/2.83.0 (MSI)" Accept-Encoding="gzip, deflate" Authorization="Bea..." Cache-Control="no-cache" Content-Type="application/octet-stream" Content-Length="213" x-ms-client-request-id="bd2c7675-0f56-11f1-b946-a1b26c9e50b7" x-ms-artifact-checksum="1ac16c98cc568a03a72a1c7a2abe7916eae6b6276b0b4cc0f23405550b333cb0" X-ARR-LOG-ID="bd2c7675-0f56-11f1-b946-a1b26c9e50b7" CLIENT-IP="157.32.124.100:55772" X-SITE-DEPLOYMENT-ID="nurseiq-app-shubham" WAS-DEFAULT-HOSTNAME="nurseiq-app-shubham.scm.azurewebsites.net" X-Forwarded-Proto="https" X-AppService-Proto="https" X-Forwarded-TlsVersion="1.3" X-WAWS-Unencoded-URL="/api/zipdeploy?isAsync=true" X-Client-IP="157.32.124.100" X-Client-Port="55772" >
  <step title="ZipPushDeploy" date="2026-02-21T18:54:50.908" >
    <step title="ZipDeploy. Extract zip." date="2026-02-21T18:54:50.926" /><!-- duration: 6ms -->
    <step title="None repository commit" date="2026-02-21T18:54:50.950" >
      <step title="Commit id: 012dfbd2-53d0-41d4-bcdf-604ce0660441" date="2026-02-21T18:54:50.956" Message="N/A" AuthorName="N/A" AuthorEmail="N/A" /><!-- duration: 6ms -->
    </step><!-- duration: 21ms -->
    <step title="Starting PushDeployAsync" date="2026-02-21T18:54:50.977" /><!-- duration: 5ms -->
    <step title="Writing artifact to /tmp/zipdeploy/786beb28-ef64-42e9-b75c-307e95f1af67.zip" date="2026-02-21T18:54:51.020" >
      <step title="Writing multipart request body to /tmp/zipdeploy/786beb28-ef64-42e9-b75c-307e95f1af67.zip" date="2026-02-21T18:54:51.027" /><!-- duration: 4ms -->
    </step><!-- duration: 68ms -->
    <step title="Start deployment in the background" date="2026-02-21T18:54:51.117" >
      <step title="Acquiring Deployment Lock" date="2026-02-21T18:54:51.195" /><!-- duration: 4ms -->
      <step title="Acquired Deployment Lock" date="2026-02-21T18:54:52.046" /><!-- duration: 9ms -->
    </step><!-- duration: 1503ms -->
  </step><!-- duration: 1719ms -->
  <step title="Outgoing response" date="2026-02-21T18:54:52.638" type="response" statusCode="202" statusText="Accepted" /><!-- duration: 4ms -->
</step><!-- duration: 3299ms -->
