<step title="BackgroundTrace" date="2026-02-21T18:40:04.296" instance="70193f" url="/api/zipdeploy" method="POST" >
  <step title="Creating temporary deployment - FetchDeploymentManager" date="2026-02-21T18:40:04.438" /><!-- duration: 4ms -->
  <step title="Creating temporary deployment" date="2026-02-21T18:40:04.446" /><!-- duration: 98ms -->
  <step title="Performing fetch based deployment" date="2026-02-21T18:40:04.598" >
    <step title="Cleaning up temp folders from previous zip deployments and extracting pushed zip file /tmp/zipdeploy/e09ad5bb-a59f-4688-acee-b8af3922d7fb.zip (0.00 MB) to /tmp/zipdeploy/extracted" date="2026-02-21T18:40:05.811" >
      <step title="ChmodRecursive Process exited with total time taken in ms: 30" date="2026-02-21T18:40:05.899" /><!-- duration: 4ms -->
    </step><!-- duration: 95ms -->
    <step title="Deployment timer started" date="2026-02-21T18:40:07.916" >
      <step title="DeploymentManager.Deploy(id:2c1a2091-2e73-4d02-b0c6-4fe02aee17f4)" date="2026-02-21T18:40:07.927" >
        <step title="Collecting changeset information" date="2026-02-21T18:40:07.949" /><!-- duration: 384ms -->
        <step title="Updating submodules" date="2026-02-21T18:40:08.344" /><!-- duration: 1143ms -->
        <step title="Determining deployment builder" date="2026-02-21T18:40:09.721" >
          <step title="Builder is BasicBuilder" date="2026-02-21T18:40:09.734" /><!-- duration: 4ms -->
        </step><!-- duration: 20ms -->
        <step title="PreDeployment: context.CleanOutputPath False" date="2026-02-21T18:40:09.789" >
          <step title="PreDeployment: context.OutputPath /home/site/wwwroot" date="2026-02-21T18:40:09.913" >
            <step title="Building" date="2026-02-21T18:40:10.072" >
              <step title="Executing external process" date="2026-02-21T18:40:10.360" type="process" path="starter.sh" arguments="/opt/Kudu/Scripts/parallel_rsync.sh /tmp/zipdeploy/extracted /home/site/wwwroot 8 /tmp/ False True  " /><!-- duration: 1175ms -->
              <step title="Triggering recycle (preview mode disabled)." date="2026-02-21T18:40:11.854" /><!-- duration: 4ms -->
              <step title="Modified file to trigger a restart of the app container." date="2026-02-21T18:40:11.901" /><!-- duration: 4ms -->
              <step title="Skip function trigger and logicapp sync because function is not enabled." date="2026-02-21T18:40:11.909" /><!-- duration: 6ms -->
            </step><!-- duration: 2539ms -->
          </step><!-- duration: 2706ms -->
          <step title="Cleaning up temp files" date="2026-02-21T18:40:12.623" /><!-- duration: 6ms -->
          <step title="Cleaning up temp files" date="2026-02-21T18:40:12.635" /><!-- duration: 551ms -->
          <step title="Reloading status file with latest updates" date="2026-02-21T18:40:13.211" >
            <step title="WebHooksManager.PublishEventAsync: PostDeployment" date="2026-02-21T18:40:13.216" /><!-- duration: 74ms -->
          </step><!-- duration: 84ms -->
          <step title="Cleaning up temporary deployment - fetch deployment was successful" date="2026-02-21T18:40:13.302" /><!-- duration: 6ms -->
        </step><!-- duration: 3601ms -->
      </step><!-- duration: 5483ms -->
