<step title="BackgroundTrace" date="2026-02-23T14:24:48.671" instance="663e46" url="/api/zipdeploy" method="POST" >
  <step title="Cleanup Xml Logs" date="2026-02-23T14:24:48.675" /><!-- duration: 10ms -->
  <step title="Creating temporary deployment - FetchDeploymentManager" date="2026-02-23T14:24:48.784" /><!-- duration: 5ms -->
  <step title="Creating temporary deployment" date="2026-02-23T14:24:48.795" /><!-- duration: 123ms -->
  <step title="Performing fetch based deployment" date="2026-02-23T14:24:49.018" >
    <step title="Cleaning up temp folders from previous zip deployments and extracting pushed zip file /tmp/zipdeploy/e1b053e3-b05b-41dd-a830-848954801713.zip (13.01 MB) to /tmp/zipdeploy/extracted" date="2026-02-23T14:24:50.242" >
      <step title="ChmodRecursive Process exited with total time taken in ms: 305" date="2026-02-23T14:24:57.836" /><!-- duration: 13ms -->
    </step><!-- duration: 7621ms -->
    <step title="Deployment timer started" date="2026-02-23T14:24:59.891" >
      <step title="DeploymentManager.Deploy(id:c907e15e-a61a-49bf-b514-db33b5f53571)" date="2026-02-23T14:24:59.899" >
        <step title="Collecting changeset information" date="2026-02-23T14:24:59.959" /><!-- duration: 194ms -->
        <step title="Updating submodules" date="2026-02-23T14:25:00.162" /><!-- duration: 1142ms -->
        <step title="Determining deployment builder" date="2026-02-23T14:25:01.552" >
          <step title="Builder is BasicBuilder" date="2026-02-23T14:25:01.584" /><!-- duration: 4ms -->
        </step><!-- duration: 41ms -->
        <step title="PreDeployment: context.CleanOutputPath False" date="2026-02-23T14:25:01.671" >
          <step title="PreDeployment: context.OutputPath /home/site/wwwroot" date="2026-02-23T14:25:01.915" >
            <step title="Building" date="2026-02-23T14:25:02.243" >
              <step title="Executing external process" date="2026-02-23T14:25:03.423" type="process" path="starter.sh" arguments="/opt/Kudu/Scripts/parallel_rsync.sh /tmp/zipdeploy/extracted /home/site/wwwroot 8 /tmp/ False True  " >
                <step title="Cpu: rsync(17360,0.160s)+rsync(17343,0.070s)+rsync(17331,0.470s)+bash(17327,0.000s)+rsync(17357,0.140s)+rsync(17344,0.080s)+rsync(17332,0.400s)+bash(17328,0.000s)+rsync(17359,0.150s)+rsync(17338,0.070s)+rsync(17334,0.410s)+bash(17329,0.000s)+rsync(17361,0.140s)+rsync(17349,0.080s)+rsync(17342,0.490s)+bash(17330,0.020s)+rsync(17358,0.160s)+rsync(17348,0.060s)+rsync(17341,0.390s)+bash(17333,0.020s)+rsync(17353,0.170s)+rsync(17347,0.060s)+rsync(17339,0.350s)+bash(17335,0.000s)+rsync(17362,0.150s)+rsync(17352,0.060s)+rsync(17346,0.470s)+bash(17336,0.010s)+rsync(17355,0.130s)+rsync(17350,0.070s)+rsync(17345,0.370s)+bash(17337,0.000s)+xargs(17326,0.000s)+parallel_rsync.sh(17315,0.010s)=total(5.160s)" date="2026-02-23T14:26:05.903" /><!-- duration: 15ms -->
                <step title="starter.sh: no io activity for 60s, prev-cpu=-1.000s, current-cpu=5.160s" date="2026-02-23T14:26:05.931" /><!-- duration: 34ms -->
                <step title="Cpu: rsync(17360,0.290s)+rsync(17343,0.070s)+rsync(17331,0.520s)+bash(17327,0.000s)+rsync(17357,0.310s)+rsync(17344,0.080s)+rsync(17332,0.450s)+bash(17328,0.000s)+rsync(17359,0.300s)+rsync(17338,0.070s)+rsync(17334,0.500s)+bash(17329,0.000s)+rsync(17361,0.300s)+rsync(17349,0.080s)+rsync(17342,0.540s)+bash(17330,0.020s)+rsync(17358,0.280s)+rsync(17348,0.060s)+rsync(17341,0.490s)+bash(17333,0.020s)+rsync(17353,0.360s)+rsync(17347,0.060s)+rsync(17339,0.430s)+bash(17335,0.000s)+rsync(17362,0.340s)+rsync(17352,0.060s)+rsync(17346,0.530s)+bash(17336,0.010s)+rsync(17355,0.270s)+rsync(17350,0.070s)+rsync(17345,0.430s)+bash(17337,0.000s)+xargs(17326,0.000s)+parallel_rsync.sh(17315,0.010s)=total(6.950s)" date="2026-02-23T14:27:06.119" /><!-- duration: 30ms -->
                <step title="starter.sh: no io activity for 121s, prev-cpu=5.160s, current-cpu=6.950s" date="2026-02-23T14:27:06.166" /><!-- duration: 33ms -->
              </step><!-- duration: 183655ms -->
              <step title="Triggering recycle (preview mode disabled)." date="2026-02-23T14:28:07.347" /><!-- duration: 13ms -->
              <step title="Modified file to trigger a restart of the app container." date="2026-02-23T14:28:07.388" /><!-- duration: 5ms -->
              <step title="Skip function trigger and logicapp sync because function is not enabled." date="2026-02-23T14:28:07.404" /><!-- duration: 11ms -->
            </step><!-- duration: 186036ms -->
          </step><!-- duration: 186372ms -->
          <step title="Cleaning up temp files" date="2026-02-23T14:28:08.290" /><!-- duration: 11ms -->
          <step title="Cleaning up temp files" date="2026-02-23T14:28:08.313" /><!-- duration: 509ms -->
          <step title="Reloading status file with latest updates" date="2026-02-23T14:28:08.847" >
            <step title="WebHooksManager.PublishEventAsync: PostDeployment" date="2026-02-23T14:28:08.852" /><!-- duration: 53ms -->
          </step><!-- duration: 63ms -->
          <step title="Cleaning up temporary deployment - fetch deployment was successful" date="2026-02-23T14:28:08.919" /><!-- duration: 3ms -->
        </step><!-- duration: 187342ms -->
      </step><!-- duration: 189150ms -->
