<step title="Incoming Request" date="2026-02-21T18:40:03.149" instance="70193f" url="/api/zipdeploy?isAsync=true" method="POST" type="request" pid="831,1,14" Accept="*/*" Host="nurseiq-app-shubham.scm.azurewebsites.net" User-Agent="AZURECLI/2.83.0 (MSI)" Accept-Encoding="gzip, deflate" Authorization="Bea..." Cache-Control="no-cache" Content-Type="application/octet-stream" Content-Length="213" x-ms-client-request-id="a4cdca32-0f54-11f1-a962-a1b26c9e50b7" x-ms-artifact-checksum="1ac16c98cc568a03a72a1c7a2abe7916eae6b6276b0b4cc0f23405550b333cb0" X-ARR-LOG-ID="a4cdca32-0f54-11f1-a962-a1b26c9e50b7" CLIENT-IP="157.32.124.100:56040" X-SITE-DEPLOYMENT-ID="nurseiq-app-shubham" WAS-DEFAULT-HOSTNAME="nurseiq-app-shubham.scm.azurewebsites.net" X-Forwarded-Proto="https" X-AppService-Proto="https" X-Forwarded-TlsVersion="1.3" X-WAWS-Unencoded-URL="/api/zipdeploy?isAsync=true" X-Client-IP="157.32.124.100" X-Client-Port="56040" >
  <step title="ZipPushDeploy" date="2026-02-21T18:40:04.177" >
    <step title="ZipDeploy. Extract zip." date="2026-02-21T18:40:04.187" /><!-- duration: 7ms -->
    <step title="None repository commit" date="2026-02-21T18:40:04.208" >
      <step title="Commit id: 2c1a2091-2e73-4d02-b0c6-4fe02aee17f4" date="2026-02-21T18:40:04.212" Message="N/A" AuthorName="N/A" AuthorEmail="N/A" /><!-- duration: 4ms -->
    </step><!-- duration: 11ms -->
    <step title="Starting PushDeployAsync" date="2026-02-21T18:40:04.223" /><!-- duration: 3ms -->
    <step title="Writing artifact to /tmp/zipdeploy/e09ad5bb-a59f-4688-acee-b8af3922d7fb.zip" date="2026-02-21T18:40:04.243" >
      <step title="Writing multipart request body to /tmp/zipdeploy/e09ad5bb-a59f-4688-acee-b8af3922d7fb.zip" date="2026-02-21T18:40:04.252" /><!-- duration: 4ms -->
    </step><!-- duration: 31ms -->
    <step title="Start deployment in the background" date="2026-02-21T18:40:04.292" >
      <step title="Acquiring Deployment Lock" date="2026-02-21T18:40:04.325" /><!-- duration: 9ms -->
      <step title="Acquired Deployment Lock" date="2026-02-21T18:40:04.431" /><!-- duration: 4ms -->
    </step><!-- duration: 260ms -->
  </step><!-- duration: 383ms -->
  <step title="Outgoing response" date="2026-02-21T18:40:04.569" type="response" statusCode="202" statusText="Accepted" /><!-- duration: 4ms -->
</step><!-- duration: 1428ms -->
