<step title="BackgroundTrace" date="2026-02-22T14:59:30.885" instance="ce913b" url="/api/zipdeploy" method="POST" >
  <step title="Creating temporary deployment - FetchDeploymentManager" date="2026-02-22T14:59:30.974" /><!-- duration: 5ms -->
  <step title="Creating temporary deployment" date="2026-02-22T14:59:30.982" /><!-- duration: 140ms -->
  <step title="Performing fetch based deployment" date="2026-02-22T14:59:31.163" >
    <step title="Cleaning up temp folders from previous zip deployments and extracting pushed zip file /tmp/zipdeploy/1f6e8fef-1ba3-43a1-9515-8eb57321c974.zip (0.13 MB) to /tmp/zipdeploy/extracted" date="2026-02-22T14:59:32.366" >
      <step title="ChmodRecursive Process exited with total time taken in ms: 63" date="2026-02-22T14:59:32.608" /><!-- duration: 3ms -->
    </step><!-- duration: 248ms -->
    <step title="Deployment timer started" date="2026-02-22T14:59:34.625" >
      <step title="DeploymentManager.Deploy(id:626468ab-9fcb-4970-8ad1-e24c507235cb)" date="2026-02-22T14:59:34.634" >
        <step title="Collecting changeset information" date="2026-02-22T14:59:34.646" /><!-- duration: 79ms -->
        <step title="Updating submodules" date="2026-02-22T14:59:34.733" /><!-- duration: 1123ms -->
        <step title="Determining deployment builder" date="2026-02-22T14:59:36.070" >
          <step title="Builder is BasicBuilder" date="2026-02-22T14:59:36.079" /><!-- duration: 3ms -->
        </step><!-- duration: 14ms -->
        <step title="PreDeployment: context.CleanOutputPath False" date="2026-02-22T14:59:36.146" >
          <step title="PreDeployment: context.OutputPath /home/site/wwwroot" date="2026-02-22T14:59:36.248" >
            <step title="Building" date="2026-02-22T14:59:36.398" >
              <step title="Executing external process" date="2026-02-22T14:59:36.679" type="process" path="starter.sh" arguments="/opt/Kudu/Scripts/parallel_rsync.sh /tmp/zipdeploy/extracted /home/site/wwwroot 8 /tmp/ False True  " /><!-- duration: 4988ms -->
              <step title="Triggering recycle (preview mode disabled)." date="2026-02-22T14:59:41.917" /><!-- duration: 3ms -->
              <step title="Modified file to trigger a restart of the app container." date="2026-02-22T14:59:41.949" /><!-- duration: 3ms -->
              <step title="Skip function trigger and logicapp sync because function is not enabled." date="2026-02-22T14:59:41.960" /><!-- duration: 4ms -->
            </step><!-- duration: 6264ms -->
          </step><!-- duration: 6420ms -->
          <step title="Cleaning up temp files" date="2026-02-22T14:59:42.670" /><!-- duration: 3ms -->
          <step title="Cleaning up temp files" date="2026-02-22T14:59:42.676" /><!-- duration: 507ms -->
          <step title="Reloading status file with latest updates" date="2026-02-22T14:59:43.213" >
            <step title="WebHooksManager.PublishEventAsync: PostDeployment" date="2026-02-22T14:59:43.222" /><!-- duration: 66ms -->
          </step><!-- duration: 84ms -->
          <step title="Cleaning up temporary deployment - fetch deployment was successful" date="2026-02-22T14:59:43.303" /><!-- duration: 3ms -->
        </step><!-- duration: 7247ms -->
      </step><!-- duration: 8776ms -->
