<step title="BackgroundTrace" date="2026-02-25T15:54:40.265" instance="663e46" url="/api/zipdeploy" method="POST" >
  <step title="Cleanup Xml Logs" date="2026-02-25T15:54:40.275" /><!-- duration: 13ms -->
  <step title="Creating temporary deployment - FetchDeploymentManager" date="2026-02-25T15:54:40.399" /><!-- duration: 3ms -->
  <step title="Creating temporary deployment" date="2026-02-25T15:54:40.407" /><!-- duration: 104ms -->
  <step title="Performing fetch based deployment" date="2026-02-25T15:54:40.636" >
    <step title="Cleaning up temp folders from previous zip deployments and extracting pushed zip file /tmp/zipdeploy/a45d7bde-424c-4817-9a24-c56605e5fcf9.zip (13.01 MB) to /tmp/zipdeploy/extracted" date="2026-02-25T15:54:41.942" >
      <step title="ChmodRecursive Process exited with total time taken in ms: 290" date="2026-02-25T15:54:48.964" /><!-- duration: 7ms -->
    </step><!-- duration: 7034ms -->
    <step title="Deployment timer started" date="2026-02-25T15:54:51.004" >
      <step title="DeploymentManager.Deploy(id:7400e2f3-9a3c-4cf3-922a-51ef556b133f)" date="2026-02-25T15:54:51.015" >
        <step title="Collecting changeset information" date="2026-02-25T15:54:51.095" /><!-- duration: 224ms -->
        <step title="Updating submodules" date="2026-02-25T15:54:51.325" /><!-- duration: 1236ms -->
        <step title="Determining deployment builder" date="2026-02-25T15:54:52.845" >
          <step title="Builder is BasicBuilder" date="2026-02-25T15:54:52.904" /><!-- duration: 9ms -->
        </step><!-- duration: 74ms -->
        <step title="PreDeployment: context.CleanOutputPath False" date="2026-02-25T15:54:53.000" >
          <step title="PreDeployment: context.OutputPath /home/site/wwwroot" date="2026-02-25T15:54:53.139" >
            <step title="Building" date="2026-02-25T15:54:53.320" >
              <step title="Executing external process" date="2026-02-25T15:54:53.731" type="process" path="starter.sh" arguments="/opt/Kudu/Scripts/parallel_rsync.sh /tmp/zipdeploy/extracted /home/site/wwwroot 8 /tmp/ False True  " /><!-- duration: 28587ms -->
              <step title="Triggering recycle (preview mode disabled)." date="2026-02-25T15:55:22.648" /><!-- duration: 28ms -->
              <step title="Modified file to trigger a restart of the app container." date="2026-02-25T15:55:22.776" /><!-- duration: 10ms -->
              <step title="Skip function trigger and logicapp sync because function is not enabled." date="2026-02-25T15:55:22.803" /><!-- duration: 20ms -->
            </step><!-- duration: 30705ms -->
          </step><!-- duration: 30893ms -->
          <step title="Cleaning up temp files" date="2026-02-25T15:55:24.035" /><!-- duration: 4ms -->
          <step title="Cleaning up temp files" date="2026-02-25T15:55:24.045" /><!-- duration: 515ms -->
          <step title="Reloading status file with latest updates" date="2026-02-25T15:55:24.609" >
            <step title="WebHooksManager.PublishEventAsync: PostDeployment" date="2026-02-25T15:55:24.624" /><!-- duration: 64ms -->
          </step><!-- duration: 83ms -->
          <step title="Cleaning up temporary deployment - fetch deployment was successful" date="2026-02-25T15:55:24.699" /><!-- duration: 3ms -->
        </step><!-- duration: 31902ms -->
      </step><!-- duration: 33925ms -->
