<step title="Incoming Request" date="2026-02-23T14:24:08.398" instance="663e46" url="/api/zipdeploy?isAsync=true" method="POST" type="request" pid="834,1,48" Accept="*/*" Host="nurseiq-app-2026.scm.azurewebsites.net" User-Agent="AZURECLI/2.83.0 (MSI)" Accept-Encoding="gzip, deflate" Authorization="Bea..." Cache-Control="no-cache" Content-Type="application/octet-stream" Content-Length="13643869" x-ms-client-request-id="e3a4bd43-10c2-11f1-96c6-a1b26c9e50b7" x-ms-artifact-checksum="61a56b57bb4e96ae962d4f8df301fc5a05d9c1f772cd94ce44836090ed9bd48d" X-ARR-LOG-ID="e3a4bd43-10c2-11f1-96c6-a1b26c9e50b7" CLIENT-IP="157.32.123.141:63001" X-SITE-DEPLOYMENT-ID="nurseiq-app-2026" WAS-DEFAULT-HOSTNAME="nurseiq-app-2026.scm.azurewebsites.net" X-Forwarded-Proto="https" X-AppService-Proto="https" X-Forwarded-TlsVersion="1.3" X-WAWS-Unencoded-URL="/api/zipdeploy?isAsync=true" X-Client-IP="157.32.123.141" X-Client-Port="63001" >
  <step title="Cleanup Xml Logs" date="2026-02-23T14:24:08.468" /><!-- duration: 188ms -->
  <step title="ZipPushDeploy" date="2026-02-23T14:24:08.861" >
    <step title="ZipDeploy. Extract zip." date="2026-02-23T14:24:08.903" /><!-- duration: 4ms -->
    <step title="Starting PushDeployAsync" date="2026-02-23T14:24:08.918" /><!-- duration: 6ms -->
    <step title="Writing artifact to /tmp/zipdeploy/e1b053e3-b05b-41dd-a830-848954801713.zip" date="2026-02-23T14:24:09.030" >
      <step title="Writing multipart request body to /tmp/zipdeploy/e1b053e3-b05b-41dd-a830-848954801713.zip" date="2026-02-23T14:24:09.044" /><!-- duration: 13ms -->
    </step><!-- duration: 39606ms -->
    <step title="Start deployment in the background" date="2026-02-23T14:24:48.659" >
      <step title="Acquiring Deployment Lock" date="2026-02-23T14:24:48.706" /><!-- duration: 6ms -->
      <step title="Acquired Deployment Lock" date="2026-02-23T14:24:48.777" /><!-- duration: 4ms -->
    </step><!-- duration: 264ms -->
  </step><!-- duration: 40099ms -->
  <step title="Outgoing response" date="2026-02-23T14:24:48.973" type="response" statusCode="202" statusText="Accepted" /><!-- duration: 4ms -->
</step><!-- duration: 40583ms -->
