<step title="BackgroundTrace" date="2026-02-22T16:05:36.916" instance="663e46" url="/api/zipdeploy" method="POST" >
  <step title="Creating temporary deployment - FetchDeploymentManager" date="2026-02-22T16:05:37.034" /><!-- duration: 3ms -->
  <step title="Creating temporary deployment" date="2026-02-22T16:05:37.042" /><!-- duration: 91ms -->
  <step title="Performing fetch based deployment" date="2026-02-22T16:05:37.192" >
    <step title="Cleaning up temp folders from previous zip deployments and extracting pushed zip file /tmp/zipdeploy/3fda00f9-92a3-4a61-bcf1-892e1240bd2e.zip (0.13 MB) to /tmp/zipdeploy/extracted" date="2026-02-22T16:05:38.416" >
      <step title="ChmodRecursive Process exited with total time taken in ms: 150" date="2026-02-22T16:05:38.709" /><!-- duration: 9ms -->
    </step><!-- duration: 316ms -->
    <step title="Deployment timer started" date="2026-02-22T16:05:40.772" >
      <step title="DeploymentManager.Deploy(id:8e1e51d7-4777-4a3b-9d7e-0cad51892863)" date="2026-02-22T16:05:40.781" >
        <step title="Collecting changeset information" date="2026-02-22T16:05:40.800" /><!-- duration: 97ms -->
        <step title="Updating submodules" date="2026-02-22T16:05:40.903" /><!-- duration: 1103ms -->
        <step title="Determining deployment builder" date="2026-02-22T16:05:42.211" >
          <step title="Builder is BasicBuilder" date="2026-02-22T16:05:42.235" /><!-- duration: 3ms -->
        </step><!-- duration: 33ms -->
        <step title="PreDeployment: context.CleanOutputPath False" date="2026-02-22T16:05:42.306" >
          <step title="PreDeployment: context.OutputPath /home/site/wwwroot" date="2026-02-22T16:05:42.413" >
            <step title="Building" date="2026-02-22T16:05:42.541" >
              <step title="Executing external process" date="2026-02-22T16:05:42.843" type="process" path="starter.sh" arguments="/opt/Kudu/Scripts/parallel_rsync.sh /tmp/zipdeploy/extracted /home/site/wwwroot 8 /tmp/ False True  " /><!-- duration: 5030ms -->
              <step title="Triggering recycle (preview mode disabled)." date="2026-02-22T16:05:48.143" /><!-- duration: 3ms -->
              <step title="Modified file to trigger a restart of the app container." date="2026-02-22T16:05:48.198" /><!-- duration: 4ms -->
              <step title="Skip function trigger and logicapp sync because function is not enabled." date="2026-02-22T16:05:48.208" /><!-- duration: 16ms -->
              <step title="Purge deployment items" date="2026-02-22T16:05:49.055" >
                <step title="Remove 3dc330b6-, Failed, received at 02/22/2026 15:52:39" date="2026-02-22T16:05:49.115" /><!-- duration: 3ms -->
                <step title="Remove temp-6936, Failed, received at 02/22/2026 15:52:33" date="2026-02-22T16:05:49.177" /><!-- duration: 9ms -->
              </step><!-- duration: 135ms -->
            </step><!-- duration: 6749ms -->
          </step><!-- duration: 6896ms -->
          <step title="Cleaning up temp files" date="2026-02-22T16:05:49.312" /><!-- duration: 5ms -->
          <step title="Cleaning up temp files" date="2026-02-22T16:05:49.322" /><!-- duration: 512ms -->
          <step title="Reloading status file with latest updates" date="2026-02-22T16:05:49.893" >
            <step title="WebHooksManager.PublishEventAsync: PostDeployment" date="2026-02-22T16:05:49.912" /><!-- duration: 248ms -->
          </step><!-- duration: 294ms -->
          <step title="Cleaning up temporary deployment - fetch deployment was successful" date="2026-02-22T16:05:50.200" /><!-- duration: 9ms -->
        </step><!-- duration: 8031ms -->
      </step><!-- duration: 9633ms -->
