<step title="BackgroundTrace" date="2026-02-22T15:30:36.289" instance="663e46" url="/api/zipdeploy" method="POST" >
  <step title="Creating temporary deployment - FetchDeploymentManager" date="2026-02-22T15:30:36.374" /><!-- duration: 4ms -->
  <step title="Creating temporary deployment" date="2026-02-22T15:30:36.383" /><!-- duration: 192ms -->
  <step title="Performing fetch based deployment" date="2026-02-22T15:30:36.681" >
    <step title="Cleaning up temp folders from previous zip deployments and extracting pushed zip file /tmp/zipdeploy/623cae19-e1dc-4d78-aa6b-a659ba13afab.zip (0.13 MB) to /tmp/zipdeploy/extracted" date="2026-02-22T15:30:38.115" >
      <step title="ChmodRecursive Process exited with total time taken in ms: 140" date="2026-02-22T15:30:38.810" /><!-- duration: 12ms -->
    </step><!-- duration: 727ms -->
    <step title="Deployment timer started" date="2026-02-22T15:30:40.893" >
      <step title="DeploymentManager.Deploy(id:101e2a58-b60d-486b-b356-148b9856ade6)" date="2026-02-22T15:30:40.904" >
        <step title="Collecting changeset information" date="2026-02-22T15:30:40.933" /><!-- duration: 102ms -->
        <step title="Updating submodules" date="2026-02-22T15:30:41.044" /><!-- duration: 1125ms -->
        <step title="Determining deployment builder" date="2026-02-22T15:30:42.420" >
          <step title="Builder is BasicBuilder" date="2026-02-22T15:30:42.432" /><!-- duration: 4ms -->
        </step><!-- duration: 21ms -->
        <step title="PreDeployment: context.CleanOutputPath False" date="2026-02-22T15:30:42.495" >
          <step title="PreDeployment: context.OutputPath /home/site/wwwroot" date="2026-02-22T15:30:42.622" >
            <step title="Building" date="2026-02-22T15:30:42.770" >
              <step title="Executing external process" date="2026-02-22T15:30:43.098" type="process" path="starter.sh" arguments="/opt/Kudu/Scripts/parallel_rsync.sh /tmp/zipdeploy/extracted /home/site/wwwroot 8 /tmp/ False True  " /><!-- duration: 4044ms -->
              <step title="Triggering recycle (preview mode disabled)." date="2026-02-22T15:30:47.437" /><!-- duration: 4ms -->
              <step title="Modified file to trigger a restart of the app container." date="2026-02-22T15:30:47.466" /><!-- duration: 5ms -->
              <step title="Skip function trigger and logicapp sync because function is not enabled." date="2026-02-22T15:30:47.477" /><!-- duration: 5ms -->
            </step><!-- duration: 5534ms -->
          </step><!-- duration: 5693ms -->
          <step title="Cleaning up temp files" date="2026-02-22T15:30:48.319" /><!-- duration: 6ms -->
          <step title="Cleaning up temp files" date="2026-02-22T15:30:48.329" /><!-- duration: 506ms -->
          <step title="Reloading status file with latest updates" date="2026-02-22T15:30:48.880" >
            <step title="WebHooksManager.PublishEventAsync: PostDeployment" date="2026-02-22T15:30:48.886" /><!-- duration: 85ms -->
          </step><!-- duration: 97ms -->
          <step title="Cleaning up temporary deployment - fetch deployment was successful" date="2026-02-22T15:30:48.985" /><!-- duration: 8ms -->
        </step><!-- duration: 6589ms -->
      </step><!-- duration: 8307ms -->
