<step title="Incoming Request" date="2026-02-22T15:52:25.477" instance="663e46" url="/api/zipdeploy?isAsync=true" method="POST" type="request" pid="833,1,15" Accept="*/*" Host="nurseiq-app-2026.scm.azurewebsites.net" User-Agent="AZURECLI/2.83.0 (MSI)" Accept-Encoding="gzip, deflate" Authorization="Bea..." Cache-Control="no-cache" Content-Type="application/octet-stream" Content-Length="138288" x-ms-client-request-id="6769123c-1006-11f1-b032-a1b26c9e50b7" x-ms-artifact-checksum="1a9d88dc1bd45b3dafa2289d889deedb3d9044f5605fc4d17b54875bd6ae1173" X-ARR-LOG-ID="6769123c-1006-11f1-b032-a1b26c9e50b7" CLIENT-IP="157.32.119.248:50614" X-SITE-DEPLOYMENT-ID="nurseiq-app-2026" WAS-DEFAULT-HOSTNAME="nurseiq-app-2026.scm.azurewebsites.net" X-Forwarded-Proto="https" X-AppService-Proto="https" X-Forwarded-TlsVersion="1.3" X-WAWS-Unencoded-URL="/api/zipdeploy?isAsync=true" X-Client-IP="157.32.119.248" X-Client-Port="50614" >
  <step title="Cleanup Xml Logs" date="2026-02-22T15:52:25.516" /><!-- duration: 29ms -->
  <step title="ZipPushDeploy" date="2026-02-22T15:52:31.457" >
    <step title="ZipDeploy. Extract zip." date="2026-02-22T15:52:31.536" /><!-- duration: 28ms -->
    <step title="None repository commit" date="2026-02-22T15:52:31.685" >
      <step title="Commit id: 3dc330b6-e198-409d-9671-4f6cbdb63852" date="2026-02-22T15:52:31.706" Message="N/A" AuthorName="N/A" AuthorEmail="N/A" /><!-- duration: 31ms -->
    </step><!-- duration: 61ms -->
    <step title="Starting PushDeployAsync" date="2026-02-22T15:52:31.756" /><!-- duration: 19ms -->
    <step title="Writing artifact to /tmp/zipdeploy/bf0c9c0a-8f38-4b4b-bd8b-7fddc42333bd.zip" date="2026-02-22T15:52:31.894" >
      <step title="Writing multipart request body to /tmp/zipdeploy/bf0c9c0a-8f38-4b4b-bd8b-7fddc42333bd.zip" date="2026-02-22T15:52:31.904" /><!-- duration: 21ms -->
    </step><!-- duration: 609ms -->
    <step title="Start deployment in the background" date="2026-02-22T15:52:32.737" >
      <step title="Acquiring Deployment Lock" date="2026-02-22T15:52:32.840" /><!-- duration: 28ms -->
      <step title="Acquired Deployment Lock" date="2026-02-22T15:52:33.234" /><!-- duration: 20ms -->
    </step><!-- duration: 1185ms -->
  </step><!-- duration: 2516ms -->
  <step title="Outgoing response" date="2026-02-22T15:52:34.175" type="response" statusCode="202" statusText="Accepted" /><!-- duration: 47ms -->
</step><!-- duration: 8775ms -->
