<step title="BackgroundTrace" date="2026-02-21T18:54:51.123" instance="70193f" url="/api/zipdeploy" method="POST" >
  <step title="Creating temporary deployment - FetchDeploymentManager" date="2026-02-21T18:54:52.059" /><!-- duration: 4ms -->
  <step title="Creating temporary deployment" date="2026-02-21T18:54:52.346" /><!-- duration: 268ms -->
  <step title="Performing fetch based deployment" date="2026-02-21T18:54:52.672" >
    <step title="Cleaning up temp folders from previous zip deployments and extracting pushed zip file /tmp/zipdeploy/786beb28-ef64-42e9-b75c-307e95f1af67.zip (0.00 MB) to /tmp/zipdeploy/extracted" date="2026-02-21T18:54:53.848" >
      <step title="ChmodRecursive Process exited with total time taken in ms: 46" date="2026-02-21T18:54:53.933" /><!-- duration: 5ms -->
    </step><!-- duration: 95ms -->
    <step title="Deployment timer started" date="2026-02-21T18:54:55.958" >
      <step title="DeploymentManager.Deploy(id:012dfbd2-53d0-41d4-bcdf-604ce0660441)" date="2026-02-21T18:54:55.965" >
        <step title="Collecting changeset information" date="2026-02-21T18:54:55.993" /><!-- duration: 107ms -->
        <step title="Updating submodules" date="2026-02-21T18:54:56.108" /><!-- duration: 1122ms -->
        <step title="Determining deployment builder" date="2026-02-21T18:54:57.465" >
          <step title="Builder is BasicBuilder" date="2026-02-21T18:54:57.480" /><!-- duration: 8ms -->
        </step><!-- duration: 29ms -->
        <step title="PreDeployment: context.CleanOutputPath False" date="2026-02-21T18:54:57.536" >
          <step title="PreDeployment: context.OutputPath /home/site/wwwroot" date="2026-02-21T18:54:57.651" >
            <step title="Building" date="2026-02-21T18:54:57.777" >
              <step title="Executing external process" date="2026-02-21T18:54:58.029" type="process" path="starter.sh" arguments="/opt/Kudu/Scripts/parallel_rsync.sh /tmp/zipdeploy/extracted /home/site/wwwroot 8 /tmp/ False True  " /><!-- duration: 1144ms -->
              <step title="Triggering recycle (preview mode disabled)." date="2026-02-21T18:54:59.414" /><!-- duration: 7ms -->
              <step title="Modified file to trigger a restart of the app container." date="2026-02-21T18:54:59.453" /><!-- duration: 5ms -->
              <step title="Skip function trigger and logicapp sync because function is not enabled." date="2026-02-21T18:54:59.465" /><!-- duration: 8ms -->
            </step><!-- duration: 2479ms -->
          </step><!-- duration: 2613ms -->
          <step title="Cleaning up temp files" date="2026-02-21T18:55:00.268" /><!-- duration: 5ms -->
          <step title="Cleaning up temp files" date="2026-02-21T18:55:00.277" /><!-- duration: 505ms -->
          <step title="Reloading status file with latest updates" date="2026-02-21T18:55:00.815" >
            <step title="WebHooksManager.PublishEventAsync: PostDeployment" date="2026-02-21T18:55:00.840" /><!-- duration: 314ms -->
          </step><!-- duration: 344ms -->
          <step title="Cleaning up temporary deployment - fetch deployment was successful" date="2026-02-21T18:55:01.166" /><!-- duration: 5ms -->
        </step><!-- duration: 3721ms -->
      </step><!-- duration: 5326ms -->
