<step title="Incoming Request" date="2026-02-22T14:59:30.215" instance="ce913b" url="/api/zipdeploy?isAsync=true" method="POST" type="request" pid="831,1,5" Accept="*/*" Host="nurseiq-app-2026.scm.azurewebsites.net" User-Agent="AZURECLI/2.83.0 (MSI)" Accept-Encoding="gzip, deflate" Authorization="Bea..." Cache-Control="no-cache" Content-Type="application/octet-stream" Content-Length="138082" x-ms-client-request-id="f3a84d11-0ffe-11f1-8281-a1b26c9e50b7" x-ms-artifact-checksum="ebc2eb7dc31ec37780c758c88d5c8c858aaf929ed94a1d69fef418c71932baf4" X-ARR-LOG-ID="f3a84d11-0ffe-11f1-8281-a1b26c9e50b7" CLIENT-IP="157.32.116.22:61748" X-SITE-DEPLOYMENT-ID="nurseiq-app-2026" WAS-DEFAULT-HOSTNAME="nurseiq-app-2026.scm.azurewebsites.net" X-Forwarded-Proto="https" X-AppService-Proto="https" X-Forwarded-TlsVersion="1.3" X-WAWS-Unencoded-URL="/api/zipdeploy?isAsync=true" X-Client-IP="157.32.116.22" X-Client-Port="61748" >
  <step title="ZipPushDeploy" date="2026-02-22T14:59:30.812" >
    <step title="ZipDeploy. Extract zip." date="2026-02-22T14:59:30.818" /><!-- duration: 3ms -->
    <step title="None repository commit" date="2026-02-22T14:59:30.827" >
      <step title="Commit id: 626468ab-9fcb-4970-8ad1-e24c507235cb" date="2026-02-22T14:59:30.830" Message="N/A" AuthorName="N/A" AuthorEmail="N/A" /><!-- duration: 3ms -->
    </step><!-- duration: 9ms -->
    <step title="Starting PushDeployAsync" date="2026-02-22T14:59:30.838" /><!-- duration: 3ms -->
    <step title="Writing artifact to /tmp/zipdeploy/1f6e8fef-1ba3-43a1-9515-8eb57321c974.zip" date="2026-02-22T14:59:30.853" >
      <step title="Writing multipart request body to /tmp/zipdeploy/1f6e8fef-1ba3-43a1-9515-8eb57321c974.zip" date="2026-02-22T14:59:30.856" /><!-- duration: 3ms -->
    </step><!-- duration: 19ms -->
    <step title="Start deployment in the background" date="2026-02-22T14:59:30.882" >
      <step title="Acquiring Deployment Lock" date="2026-02-22T14:59:30.901" /><!-- duration: 4ms -->
      <step title="Acquired Deployment Lock" date="2026-02-22T14:59:30.968" /><!-- duration: 3ms -->
    </step><!-- duration: 244ms -->
  </step><!-- duration: 320ms -->
  <step title="Outgoing response" date="2026-02-22T14:59:31.140" type="response" statusCode="202" statusText="Accepted" /><!-- duration: 3ms -->
</step><!-- duration: 931ms -->
