<step title="Incoming Request" date="2026-02-25T15:53:50.258" instance="663e46" url="/api/zipdeploy?isAsync=true" method="POST" type="request" pid="834,1,65" Accept="*/*" Host="nurseiq-app-2026.scm.azurewebsites.net" User-Agent="AZURECLI/2.83.0 (MSI)" Accept-Encoding="gzip, deflate" Authorization="Bea..." Cache-Control="no-cache" Content-Type="application/octet-stream" Content-Length="13645204" x-ms-client-request-id="c80e9e79-1261-11f1-a199-93e31bf5028c" x-ms-artifact-checksum="78b77ec893474f3671aa9e502298228ce3d7902c2690d6bac55193aa806fe349" X-ARR-LOG-ID="c80e9e79-1261-11f1-a199-93e31bf5028c" CLIENT-IP="157.32.134.87:56391" X-SITE-DEPLOYMENT-ID="nurseiq-app-2026" WAS-DEFAULT-HOSTNAME="nurseiq-app-2026.scm.azurewebsites.net" X-Forwarded-Proto="https" X-AppService-Proto="https" X-Forwarded-TlsVersion="1.3" X-WAWS-Unencoded-URL="/api/zipdeploy?isAsync=true" X-Client-IP="157.32.134.87" X-Client-Port="56391" >
  <step title="Cleanup Xml Logs" date="2026-02-25T15:53:50.323" /><!-- duration: 229ms -->
  <step title="ZipPushDeploy" date="2026-02-25T15:53:50.773" >
    <step title="ZipDeploy. Extract zip." date="2026-02-25T15:53:50.797" /><!-- duration: 7ms -->
    <step title="Starting PushDeployAsync" date="2026-02-25T15:53:50.828" /><!-- duration: 28ms -->
    <step title="Writing artifact to /tmp/zipdeploy/a45d7bde-424c-4817-9a24-c56605e5fcf9.zip" date="2026-02-25T15:53:50.894" >
      <step title="Writing multipart request body to /tmp/zipdeploy/a45d7bde-424c-4817-9a24-c56605e5fcf9.zip" date="2026-02-25T15:53:50.899" /><!-- duration: 7ms -->
    </step><!-- duration: 49337ms -->
    <step title="Start deployment in the background" date="2026-02-25T15:54:40.257" >
      <step title="Acquiring Deployment Lock" date="2026-02-25T15:54:40.343" /><!-- duration: 3ms -->
      <step title="Acquired Deployment Lock" date="2026-02-25T15:54:40.392" /><!-- duration: 3ms -->
    </step><!-- duration: 262ms -->
  </step><!-- duration: 49779ms -->
  <step title="Outgoing response" date="2026-02-25T15:54:40.577" type="response" statusCode="202" statusText="Accepted" /><!-- duration: 11ms -->
</step><!-- duration: 50332ms -->
