<step title="Incoming Request" date="2026-02-22T15:30:34.423" instance="663e46" url="/api/zipdeploy?isAsync=true" method="POST" type="request" pid="833,1,5" Accept="*/*" Host="nurseiq-app-2026.scm.azurewebsites.net" User-Agent="AZURECLI/2.83.0 (MSI)" Accept-Encoding="gzip, deflate" Authorization="Bea..." Cache-Control="no-cache" Content-Type="application/octet-stream" Content-Length="138082" x-ms-client-request-id="41b187f1-1003-11f1-921c-a1b26c9e50b7" x-ms-artifact-checksum="ebc2eb7dc31ec37780c758c88d5c8c858aaf929ed94a1d69fef418c71932baf4" X-ARR-LOG-ID="41b187f1-1003-11f1-921c-a1b26c9e50b7" CLIENT-IP="157.32.119.248:50683" X-SITE-DEPLOYMENT-ID="nurseiq-app-2026" WAS-DEFAULT-HOSTNAME="nurseiq-app-2026.scm.azurewebsites.net" X-Forwarded-Proto="https" X-AppService-Proto="https" X-Forwarded-TlsVersion="1.3" X-WAWS-Unencoded-URL="/api/zipdeploy?isAsync=true" X-Client-IP="157.32.119.248" X-Client-Port="50683" >
  <step title="ZipPushDeploy" date="2026-02-22T15:30:35.767" >
    <step title="ZipDeploy. Extract zip." date="2026-02-22T15:30:35.828" /><!-- duration: 18ms -->
    <step title="None repository commit" date="2026-02-22T15:30:35.887" >
      <step title="Commit id: 101e2a58-b60d-486b-b356-148b9856ade6" date="2026-02-22T15:30:35.898" Message="N/A" AuthorName="N/A" AuthorEmail="N/A" /><!-- duration: 19ms -->
    </step><!-- duration: 58ms -->
    <step title="Starting PushDeployAsync" date="2026-02-22T15:30:35.958" /><!-- duration: 18ms -->
    <step title="Writing artifact to /tmp/zipdeploy/623cae19-e1dc-4d78-aa6b-a659ba13afab.zip" date="2026-02-22T15:30:36.066" >
      <step title="Writing multipart request body to /tmp/zipdeploy/623cae19-e1dc-4d78-aa6b-a659ba13afab.zip" date="2026-02-22T15:30:36.088" /><!-- duration: 7ms -->
    </step><!-- duration: 161ms -->
    <step title="Start deployment in the background" date="2026-02-22T15:30:36.281" >
      <step title="Acquiring Deployment Lock" date="2026-02-22T15:30:36.306" /><!-- duration: 6ms -->
      <step title="Acquired Deployment Lock" date="2026-02-22T15:30:36.364" /><!-- duration: 5ms -->
    </step><!-- duration: 300ms -->
  </step><!-- duration: 824ms -->
  <step title="Outgoing response" date="2026-02-22T15:30:36.630" type="response" statusCode="202" statusText="Accepted" /><!-- duration: 5ms -->
</step><!-- duration: 2221ms -->
