﻿<?xml version="1.0" encoding="utf-8"?>
<deployment>
  <id>626468ab-9fcb-4970-8ad1-e24c507235cb</id>
  <author>N/A</author>
  <deployer>Push-Deployer</deployer>
  <authorEmail>N/A</authorEmail>
  <message>Created via a push deployment</message>
  <progress></progress>
  <status>Success</status>
  <statusText></statusText>
  <lastSuccessEndTime>2026-02-22T14:59:42.3544192Z</lastSuccessEndTime>
  <receivedTime>2026-02-22T14:59:34.6704647Z</receivedTime>
  <startTime>2026-02-22T14:59:35.9940483Z</startTime>
  <endTime>2026-02-22T14:59:42.3544192Z</endTime>
  <complete>True</complete>
  <is_temp>False</is_temp>
  <is_readonly>True</is_readonly>
  <containerId>5605e3bfb0b0</containerId>
  <buildSummary />
</deployment>