﻿<?xml version="1.0" encoding="utf-8"?>
<deployment>
  <id>8e1e51d7-4777-4a3b-9d7e-0cad51892863</id>
  <author>N/A</author>
  <deployer>Push-Deployer</deployer>
  <authorEmail>N/A</authorEmail>
  <message>Created via a push deployment</message>
  <progress></progress>
  <status>Success</status>
  <statusText></statusText>
  <lastSuccessEndTime>2026-02-22T16:05:48.6316989Z</lastSuccessEndTime>
  <receivedTime>2026-02-22T16:05:40.8506581Z</receivedTime>
  <startTime>2026-02-22T16:05:42.1528185Z</startTime>
  <endTime>2026-02-22T16:05:48.6316989Z</endTime>
  <complete>True</complete>
  <is_temp>False</is_temp>
  <is_readonly>True</is_readonly>
  <containerId>bdba1a44fa6c</containerId>
  <buildSummary />
</deployment>