﻿<?xml version="1.0" encoding="utf-8"?>
<deployment>
  <id>7400e2f3-9a3c-4cf3-922a-51ef556b133f</id>
  <author>N/A</author>
  <deployer>Push-Deployer</deployer>
  <authorEmail>N/A</authorEmail>
  <message>Created via a push deployment</message>
  <progress></progress>
  <status>Success</status>
  <statusText></statusText>
  <lastSuccessEndTime>2026-02-25T15:55:23.3780788Z</lastSuccessEndTime>
  <receivedTime>2026-02-25T15:54:51.1498568Z</receivedTime>
  <startTime>2026-02-25T15:54:52.7417072Z</startTime>
  <endTime>2026-02-25T15:55:23.3780788Z</endTime>
  <complete>True</complete>
  <is_temp>False</is_temp>
  <is_readonly>True</is_readonly>
  <containerId>bdba1a44fa6c</containerId>
  <buildSummary />
</deployment>